{"FROM_DOUBLE":8.373063490784276,"TO_DOUBLE":20.838616621293767,"FROM_CENTER":-36.97342433160286,"TO_CENTER":39.95412491257134,"FROM_SAFE":-6.774143362184399,"TO_SAFE":7.149636106040936,"HIT":25.96734798342256,"HIT_LATE":25.346749349257465,"FINISH":4.089428784778312,"CURRENT_DANGER":19.49564173912194,"FUTURE_DANGER":-8.413775018082985,"DISTANCE":-0.33634335020016537}