{"FROM_DOUBLE":7.721292876418326,"TO_DOUBLE":19.40446276546904,"FROM_CENTER":-37.43365378828041,"TO_CENTER":39.283971719561904,"FROM_SAFE":-5.220221878181123,"TO_SAFE":8.478035926428655,"HIT":26.442990668791168,"HIT_LATE":26.74683064170967,"FINISH":5.358752093093419,"CURRENT_DANGER":19.855843440702625,"FUTURE_DANGER":-8.40907208532508,"DISTANCE":-0.46624065213829535}