{"FROM_DOUBLE":8.519757503336988,"TO_DOUBLE":20.46966758767772,"FROM_CENTER":-37.1996337625176,"TO_CENTER":39.470186622545,"FROM_SAFE":-6.867858295077648,"TO_SAFE":6.956572147750717,"HIT":25.88196090843204,"HIT_LATE":25.226877288608136,"FINISH":3.74253859428976,"CURRENT_DANGER":19.46803885725396,"FUTURE_DANGER":-8.501166249994796,"DISTANCE":-0.35085559992104254}