{"FROM_DOUBLE":8.71846737701021,"TO_DOUBLE":20.927757291111195,"FROM_CENTER":-37.39924726189527,"TO_CENTER":40.388563310263926,"FROM_SAFE":-6.322861569559512,"TO_SAFE":7.084553967590575,"HIT":25.65367278257084,"HIT_LATE":24.98875638946398,"FINISH":4.412997945309732,"CURRENT_DANGER":19.6797453890154,"FUTURE_DANGER":-8.487257523702752,"DISTANCE":-0.4530314078895883}