{
    "FROM_DOUBLE": 8.664490412921282,
    "TO_DOUBLE": 20.506175411538898,
    "FROM_CENTER": -37.89506951595812,
    "TO_CENTER": 40.92078329262838,
    "FROM_SAFE": -6.2500664116630835,
    "TO_SAFE": 7.580548606128402,
    "HIT": 26.180393917406988,
    "HIT_LATE": 25.489530178446593,
    "FINISH": 4.715093720090374,
    "CURRENT_DANGER": 19.8080657985616,
    "FUTURE_DANGER": -8.735229130432995,
    "DISTANCE": -0.29226955162169466
  }